,Questions
0,Building a docker image on Google VM fails - on conda set up stage
1,Enable Audit Logs using Cloud Deployment Manager GCP
2,How to communicate between Standard AppEngine to another Standard AppEngine within shared VPC?
3,google-cloud-datacatalog 0.8.0 is missing TagTemplate option
4,my bashrc contains strange characters (if Ä -f ü/.bash_aliases Å; then . ü/.bash_aliases fi)
5,Unkown failure to associate VPC connector in service project with shared VPC subnet in main project
6,Kubernetes cluster appears to have been deleted after upgrading from trial version
7,“Logging system failed to initialize using configuration from 'null'” when running a Docker container on a local computer
8,"Permisson error creating project with GCP token, terraform and vault"
9,Cannot load the dag in composer
10,Can we add custom action button on Google data studio reports
11,Is there an inserted date column in Google Firebase raw events data in Google BigQuery?
12,Connect to MySQL database install on ComputeEngine (Click-to-Deploy)
13,BigQuery public dataset geolite2.ipv4_city_blocks seems to be missing
14,terraform loop through ids list and generate data blocks from it (and access it again)
15,How do you restore the intrinsic permissions associated with a bucket in GCS?
16,Cloud sql Multi region read replica architecture [closed]
17,Keyword search an industry - Places API [closed]
18,“Could not load default credentials” google cloud secrets manager - use CLI authorized user
19,Google Cloud Storage Upload SHA1
20,How to use the API using only the API key
21,Migrate CyberPanel with everything to a new CyberPanel on different VPS
22,fatal: repository `https://github.com/{owner}/{name}.git/` not found [duplicate]
23,"Replacement for Go App Engine “google.golang.org/appengine/log” package, with log levels?"
24,Google Compute Engine fails to reboot with error Unrecognized mount option “NOFAIL_OPTION” or missing value
25,"Applications works locally, but not in production mode on Google Cloud Platform"
26,Gridgain Partitions loss with node scale down
27,Mounting persistent volume claims for kubernetes pod
28,Get array of questions and associated choices to the questions in pdf
29,Terraform Multilevel Maps with list throwing error
30,What does `gcloud compute instances create` do? - POST https://compute.googleapis.com…
31,Making prediction in SavedModel from BigQuery ML
32,Does Firebase Storage support Load Balancing(/GoogleCDN/CloudArmor)? Because of the security rules
33,Permissions GCS buckets
34,"Godaddy email server and website hosted on GCP (c# application), Emails not working - getting timeout issue"
35,What are the options of routing HTTP connections to one specific instance out of many instances behind a load balancer?
36,Google Secrets Manager Denied Access When Roles/Poject/ServiceAccount Correct?
37,How to set up a GCP API gateway for my react frontend
38,How to create alerts on big query schedule jobs and send email on failure?
39,Cloud Vision PDF to JSON - specific content
40,add small bash script to cloudbuild.yaml
41,What is the default behavior of the Global Window for unbounded pcollections in Apache Beam?
42,Python getting error: “Remote end closed connection without” http.client.RemoteDisconnected: Remote end closed connection without response
43,Can't register the app with the Google cloud platform
44,Google Cloud Load Balancer: Error when creating serverless network endpoint group
45,JetBrains Upsource throwing unknown host error while connecting GCP cloud source repositories URL | SSH connection
46,Postgresql database error: column does not exist
47,Connect App Engine & Flask & SQLAlchemy to Cloud Sql
48,How to resolve GCloud permissions?
49,GCP Deployment Manager third party resources
50,"
current community
"
51,"
your communities            "
52,"more stack exchange communities
"
53,Building a docker image on Google VM fails - on conda set up stage
54,Enable Audit Logs using Cloud Deployment Manager GCP
55,How to communicate between Standard AppEngine to another Standard AppEngine within shared VPC?
56,google-cloud-datacatalog 0.8.0 is missing TagTemplate option
57,my bashrc contains strange characters (if Ä -f ü/.bash_aliases Å; then . ü/.bash_aliases fi)
58,Unkown failure to associate VPC connector in service project with shared VPC subnet in main project
59,Kubernetes cluster appears to have been deleted after upgrading from trial version
60,“Logging system failed to initialize using configuration from 'null'” when running a Docker container on a local computer
61,"Permisson error creating project with GCP token, terraform and vault"
62,Cannot load the dag in composer
63,Can we add custom action button on Google data studio reports
64,Is there an inserted date column in Google Firebase raw events data in Google BigQuery?
65,Connect to MySQL database install on ComputeEngine (Click-to-Deploy)
66,BigQuery public dataset geolite2.ipv4_city_blocks seems to be missing
67,terraform loop through ids list and generate data blocks from it (and access it again)
68,How do you restore the intrinsic permissions associated with a bucket in GCS?
69,Cloud sql Multi region read replica architecture [closed]
70,Keyword search an industry - Places API [closed]
71,“Could not load default credentials” google cloud secrets manager - use CLI authorized user
72,Google Cloud Storage Upload SHA1
73,How to use the API using only the API key
74,Migrate CyberPanel with everything to a new CyberPanel on different VPS
75,fatal: repository `https://github.com/{owner}/{name}.git/` not found [duplicate]
76,"Replacement for Go App Engine “google.golang.org/appengine/log” package, with log levels?"
77,Google Compute Engine fails to reboot with error Unrecognized mount option “NOFAIL_OPTION” or missing value
78,"Applications works locally, but not in production mode on Google Cloud Platform"
79,Gridgain Partitions loss with node scale down
80,Mounting persistent volume claims for kubernetes pod
81,Get array of questions and associated choices to the questions in pdf
82,Terraform Multilevel Maps with list throwing error
83,What does `gcloud compute instances create` do? - POST https://compute.googleapis.com…
84,Making prediction in SavedModel from BigQuery ML
85,Does Firebase Storage support Load Balancing(/GoogleCDN/CloudArmor)? Because of the security rules
86,Permissions GCS buckets
87,"Godaddy email server and website hosted on GCP (c# application), Emails not working - getting timeout issue"
88,What are the options of routing HTTP connections to one specific instance out of many instances behind a load balancer?
89,Google Secrets Manager Denied Access When Roles/Poject/ServiceAccount Correct?
90,How to set up a GCP API gateway for my react frontend
91,How to create alerts on big query schedule jobs and send email on failure?
92,Cloud Vision PDF to JSON - specific content
93,add small bash script to cloudbuild.yaml
94,What is the default behavior of the Global Window for unbounded pcollections in Apache Beam?
95,Python getting error: “Remote end closed connection without” http.client.RemoteDisconnected: Remote end closed connection without response
96,Can't register the app with the Google cloud platform
97,Google Cloud Load Balancer: Error when creating serverless network endpoint group
98,JetBrains Upsource throwing unknown host error while connecting GCP cloud source repositories URL | SSH connection
99,Postgresql database error: column does not exist
100,Connect App Engine & Flask & SQLAlchemy to Cloud Sql
101,How to resolve GCloud permissions?
102,GCP Deployment Manager third party resources
103,"
current community
"
104,"
your communities            "
105,"more stack exchange communities
"
106,Concatenate mulitple arrays into a string in Google BigQuery
107,No module named pytest error in Google Cloud Build?
108,Code: EXTERNAL_RESOURCE_NOT_FOUND; Message: The resource '<projectID>-compute@developer.gserviceaccount.com' of type 'serviceAccount' was not found
109,How to connect to Cloud SQL from Cloud Run instance while also using Serverless-VPC-Connector?
110,Allow POST to google cloud functions but not GET?
111,CloudFunctions with Pubsub : long delay to publish
112,Google Cloud Platform Windows Server 2012 activation
113,Unable to sign-in using Google in Android App
114,Cloud Profiler - Listing Profiles created from Java agent
115,GCP - Load balancing based on service availability
116,"Cloud Run - Allowing users to deploy a single resource, based on permissions"
117,How can I synchronize an Azure SQL server with a Google Cloud SQL instance?
118,How to update NS of a DNS in GCP
119,How to give external link in Google Data Studio?
120,Partitioning Google Cloud Ubuntu 20.04 Instance
121,GCP service Account Authentication
122,How to fetch newly added images from VM in google cloud platform?
123,GCP |Dataproc|How to create a persistent HDFS volumn means even if you delete the dataproc cluster it should not delete the HDFS? Is it possible?
124,Is there any GCP managed service is available to store python whl files and use them in requirements.txt
125,How to grant a SELECT permission for a new GCP Cloud SQL PostgreSQL user?
126,Ai Platform Unified Batch Predict with Numpy Array as input not working
127,Simple GCP cloud function gives Error ID: 945b0f01
128,How to add Custom Resource Definition for ManagedCertificate in GCP Kubernetes cluster?
129,Unable to RDP-An internal error has occurred
130,Apache Beam creating PCollection of Custom Entities/Models with Abstract Fields
131,"Deploy ML Model GCP / Django at scale, how to manage session?"
132,Getting a “Not authorized” error in an third party application we are using for my Wordpress Site
133,Accessing version number for deployed Cloud Function in Python
134,GCP - Cloud Function can't find Python package from Artifact Registry in the same project
135,What should be the best logic to load CSV data from cloud storage to Big Query using Cloud Functions in Python
136,Functions-framework (emulator) subscribing to Pub/Sub emulator
137,Pre-defining service-account for google-sink with pubsub destination
138,Google Cloud authentication error. Username does not match with json
139,ansible: gcp_compute_disk - problem creating disk from a snapshot
140,How to grant user privileges in google cloud using mysql?
141,Google Cloud Run error: Invalid Command \“/bin/sh\”: file not found when deploying from Docker image
142,Google Ads Apps Script - get all conversion value
143,Google Cloud Composer: question regarding languages and workflows
144,BigQuery API Java client library does not support “JobConfigurationLoad.decimalTargetTypes”?
145,Kubeflow Metadata Store in GCP
146,Trying to connect Google Vision AI to Django
147,Tracert not complete trace to Google Compute Engine Web Server
148,"In GKE, how to minimize connect time with Load balancer"
149,Publish Pub/Sub messages from APP script: PERMISSION_DENIED
150,Cannot connect to Cloud SQL Proxy via Docker - Error: connect ENOENT
151,Google Cloud connecting first time through ftp but in few seconds reverting to permission denied on write (the file is going blank on this case)
152,Change Google Sheet API from V3 to V4
153,downloading the files from Google Drive using the command line [closed]
154,gcloud: command not found when starting Cloud SQL Auth proxy with docker and container optimised OS
155,Read JSON file directly from google storage (using Cloud Functions)
